{"cameraMode":{"drawMode":0,"name":"Shaded","section":"Shading Mode"},"sceneLighting":false,"audioPlay":false,"sceneViewState":{"showFog":true,"showMaterialUpdate":false,"showSkybox":false,"showFlares":true,"showImageEffects":true,"showParticleSystems":true},"in2DMode":false,"pivot":{"x":84.18965148925781,"y":45.0067138671875,"z":63.79999923706055},"rotation":{"x":-0.04229728877544403,"y":0.0005957908579148352,"z":-0.000025137489501503296,"w":-0.999108076095581},"size":2.857891082763672,"orthographic":false}