{"cameraMode":{"drawMode":0,"name":"Shaded","section":"Shading Mode"},"sceneLighting":false,"audioPlay":false,"sceneViewState":{"showFog":true,"showMaterialUpdate":false,"showSkybox":false,"showFlares":true,"showImageEffects":true,"showParticleSystems":true},"in2DMode":false,"pivot":{"x":163.37594604492188,"y":456.1240234375,"z":-204.4499969482422},"rotation":{"x":0.03478503227233887,"y":0.03178611397743225,"z":-0.0011141527211293579,"w":0.9989097118377686},"size":182.16078186035157,"orthographic":false}