{"cameraMode":{"drawMode":0,"name":"Shaded","section":"Shading Mode"},"sceneLighting":false,"audioPlay":false,"sceneViewState":{"showFog":true,"showMaterialUpdate":false,"showSkybox":false,"showFlares":true,"showImageEffects":true,"showParticleSystems":true},"in2DMode":false,"pivot":{"x":158.92799377441407,"y":458.3280029296875,"z":-205.48500061035157},"rotation":{"x":0.13337887823581696,"y":-0.021990129724144937,"z":0.002954490017145872,"w":0.9908315539360046},"size":228.03338623046876,"orthographic":false}