{"cameraMode":{"drawMode":0,"name":"Shaded","section":"Shading Mode"},"sceneLighting":false,"audioPlay":false,"sceneViewState":{"showFog":true,"showMaterialUpdate":false,"showSkybox":false,"showFlares":true,"showImageEffects":true,"showParticleSystems":true},"in2DMode":false,"pivot":{"x":1.4901161193847657e-8,"y":0.1294233202934265,"z":-2.9802322387695315e-8},"rotation":{"x":-0.05233290418982506,"y":-0.9063184857368469,"z":0.11785349249839783,"w":-0.4024491310119629},"size":1.251180648803711,"orthographic":false}