{"cameraMode":{"drawMode":0,"name":"Shaded","section":"Shading Mode"},"sceneLighting":false,"audioPlay":false,"sceneViewState":{"showFog":true,"showMaterialUpdate":false,"showSkybox":false,"showFlares":true,"showImageEffects":true,"showParticleSystems":true},"in2DMode":false,"pivot":{"x":0.3628269135951996,"y":1.6242200136184693,"z":-6.888084411621094},"rotation":{"x":0.022354088723659517,"y":-0.9441701769828796,"z":0.3221468925476074,"w":0.06552744656801224},"size":0.6287347674369812,"orthographic":false}